rs4615512,rs2283089,rs1894731,rs2283092,rs2283093,rs6978939,rs6979287,rs6979572,rs2283094,rs2283095,rs6467111,rs1111183,rs2237789,rs2299531,rs2299532
T/C,C/C,A/A,T/T,C/C,T/T,T/T,T/T,C/T,C/C,C/T,C/T,A/A,T/C,A/T
T/C,C/T,A/A,T/T,C/C,T/T,T/T,T/T,C/T,C/C,C/T,C/T,A/A,T/C,A/T
T/C,C/C,A/A,T/T,C/C,T/T,T/T,T/T,C/T,C/C,C/C,C/T,A/A,T/C,A/T
NA,C/C,A/G,T/C,C/T,T/G,T/G,T/A,C/T,C/T,C/C,C/C,A/G,NA,A/A
T/C,C/C,A/A,T/T,C/C,T/T,T/T,T/T,C/T,C/C,C/C,C/T,A/A,T/C,A/T
T/C,C/C,A/A,T/T,C/C,T/T,T/T,T/T,C/T,C/C,C/C,C/C,A/A,T/T,A/A
NA,C/C,A/A,T/T,C/C,T/T,T/T,T/T,C/T,C/C,C/T,C/T,A/A,T/C,A/T
T/T,C/C,A/G,T/C,C/T,T/G,T/G,T/A,C/C,C/T,C/C,C/T,A/G,T/C,A/T
C/C,C/C,A/A,T/T,C/C,T/T,T/T,T/T,T/T,C/C,C/T,C/C,A/A,T/T,A/A
T/T,C/T,G/G,C/C,C/T,G/G,G/G,T/A,C/T,C/T,C/T,C/C,A/G,NA,A/A
T/T,C/C,A/G,T/C,C/T,T/G,T/G,T/A,C/C,C/T,C/C,C/T,A/G,NA,A/T
T/C,C/C,A/A,T/T,C/C,T/T,T/T,T/T,C/T,C/C,C/C,C/T,A/A,T/C,A/T
T/T,C/C,A/A,T/T,C/C,T/T,T/T,T/T,C/C,C/C,C/C,T/T,A/A,C/C,T/T
T/C,C/C,A/G,T/C,C/T,T/G,T/G,T/A,C/T,C/T,C/C,C/C,A/G,T/T,A/A
T/T,C/C,A/G,T/C,C/T,T/G,T/G,T/A,C/C,C/T,C/T,C/T,A/G,T/C,A/T
C/C,C/C,A/A,T/T,C/C,T/T,T/T,T/T,T/T,C/C,C/C,C/C,A/A,T/T,A/A
C/C,C/C,A/A,T/T,C/C,T/T,T/T,T/T,T/T,C/C,C/T,C/C,A/A,T/T,A/A
T/C,C/C,A/G,T/C,C/T,T/G,T/G,T/A,C/T,C/T,C/C,C/C,A/G,T/T,A/A
C/C,C/C,A/A,T/T,C/C,T/T,T/T,T/T,T/T,C/C,T/T,C/C,A/A,T/T,A/A
T/C,C/C,A/A,T/T,C/C,T/T,T/T,T/T,C/T,C/C,C/C,C/T,A/A,T/C,A/T
NA,C/C,A/A,T/T,C/C,T/T,T/T,T/T,C/C,C/C,C/C,T/T,A/A,NA,T/T
T/T,C/T,A/G,T/C,C/C,T/G,T/G,T/T,C/T,C/C,C/T,C/T,A/A,T/C,A/T
T/C,T/T,A/G,T/C,C/C,T/G,T/G,T/T,T/T,C/C,T/T,C/C,A/A,T/T,A/A
T/C,C/C,A/A,T/T,C/C,T/T,T/T,T/T,C/T,C/C,C/C,C/C,A/A,T/T,A/A
T/T,C/C,A/G,T/C,C/T,T/G,T/G,T/A,C/C,C/T,C/C,C/T,A/G,T/C,A/T
T/T,C/C,A/G,T/C,C/T,T/G,T/G,T/A,C/C,C/T,C/C,C/T,A/G,T/C,A/T
T/C,C/C,A/A,T/T,C/C,T/T,T/T,T/T,C/T,C/C,C/C,C/T,A/A,T/C,A/T
T/T,C/C,G/G,C/C,T/T,G/G,G/G,A/A,C/C,T/T,C/C,C/C,G/G,T/T,A/A
NA,C/T,A/G,T/C,C/T,T/G,T/G,T/A,C/T,C/T,C/T,C/C,A/G,NA,A/A
T/C,C/C,A/A,T/T,C/C,T/T,T/T,T/T,C/T,C/C,C/T,C/T,A/A,T/C,A/T
T/C,C/C,A/A,T/T,C/C,T/T,T/T,T/T,C/T,C/C,C/C,C/T,A/A,T/C,A/T
C/C,C/T,A/A,T/T,C/C,T/T,T/T,T/T,T/T,C/C,C/T,C/C,A/A,T/T,A/A
T/T,C/C,A/A,T/T,C/C,T/T,T/T,T/T,C/C,C/C,C/C,T/T,A/A,C/C,T/T
T/C,C/C,A/G,T/C,C/T,T/G,T/G,T/A,C/T,C/T,C/T,C/C,A/G,T/T,A/A
T/T,C/C,A/G,T/C,C/T,T/G,T/G,T/A,C/C,C/T,C/C,C/T,A/G,T/C,A/T
T/T,C/C,G/G,C/C,T/T,G/G,G/G,A/A,C/C,T/T,C/C,C/C,G/G,T/T,A/A
T/T,C/C,A/A,T/T,C/C,T/T,T/T,T/T,C/C,C/C,C/C,C/T,A/A,T/C,A/T
C/C,C/C,A/A,T/T,C/C,T/T,T/T,T/T,T/T,C/C,C/C,C/C,A/A,T/T,A/A
T/T,C/C,A/A,T/T,C/C,T/T,T/T,T/T,C/C,C/C,C/C,T/T,A/A,C/C,T/T
T/T,C/C,A/A,T/T,C/C,T/T,T/T,T/T,C/C,C/C,C/C,T/T,A/A,C/C,T/T
C/C,C/C,A/A,T/T,C/C,T/T,T/T,T/T,T/T,C/C,C/C,C/C,A/A,T/T,A/A
C/C,C/C,A/A,T/T,C/C,T/T,T/T,T/T,T/T,C/C,C/C,C/C,A/A,T/T,A/A
T/T,C/C,A/A,T/T,C/C,T/T,T/T,T/T,C/C,C/C,C/C,C/T,A/A,T/C,A/T
NA,C/C,A/G,T/C,C/T,T/G,T/G,T/T,C/T,C/C,C/C,C/T,A/A,T/C,A/T
NA,C/C,A/A,T/T,C/C,T/T,T/T,T/T,C/T,C/C,C/T,C/C,A/A,T/T,A/A
T/T,C/C,A/A,T/T,C/C,T/T,T/T,T/T,C/C,C/C,C/C,C/T,A/A,T/C,A/T
T/T,C/C,A/A,T/T,C/C,T/T,T/T,T/T,C/C,C/C,C/C,T/T,A/A,C/C,T/T
T/C,C/C,A/G,T/C,C/T,T/G,G/G,T/A,C/T,C/T,C/T,C/C,A/G,NA,A/A
T/C,C/C,A/A,T/T,C/C,T/T,T/T,T/T,C/T,C/C,C/C,C/T,A/A,T/C,A/T
T/T,C/C,A/A,T/T,C/C,T/T,T/T,T/T,C/C,C/C,C/C,T/T,A/A,C/C,T/T
T/C,C/T,A/G,T/C,C/C,T/G,T/G,T/T,T/T,C/C,C/T,C/C,A/A,T/T,A/A
NA,C/C,A/A,T/T,C/C,T/T,T/T,T/T,C/T,C/C,C/T,C/T,A/A,T/C,A/T
T/C,C/C,A/A,T/T,C/C,T/T,T/T,T/T,C/T,C/C,C/C,C/T,A/A,T/C,A/T
T/C,C/C,A/A,T/T,C/C,T/T,T/T,T/T,C/T,C/C,C/T,C/T,A/A,T/C,A/T
T/T,C/T,A/G,T/C,C/C,T/G,T/G,T/T,C/T,C/C,C/T,C/T,A/A,T/C,A/T
C/C,C/T,A/A,T/T,C/C,T/T,T/T,T/T,T/T,C/C,C/T,C/C,A/A,T/T,A/A
T/T,C/C,A/G,T/C,C/T,T/G,T/G,T/A,C/C,C/T,C/C,C/T,A/G,T/C,A/T
NA,C/C,A/G,T/C,C/T,T/G,T/G,T/A,C/C,C/T,C/C,C/T,A/G,NA,A/T
T/T,C/C,A/A,T/T,C/C,T/T,T/T,T/T,C/C,C/C,C/C,T/T,A/A,C/C,T/T
T/C,C/C,A/G,T/C,C/T,T/G,T/G,T/A,C/T,C/T,C/T,C/C,A/G,NA,A/A
